/media/santosh/newdrive/prafulla/aerial_motion_dataset/0_aerial_final_dataset/new_Road_Safety_Services_and_Design2/876.jpg,301,314,355,359,heavy vehicle
/media/santosh/newdrive/prafulla/aerial_motion_dataset/0_aerial_final_dataset/new_Road_Safety_Services_and_Design2/876.jpg,599,21,608,68,car
/media/santosh/newdrive/prafulla/aerial_motion_dataset/0_aerial_final_dataset/new_Road_Safety_Services_and_Design2/876.jpg,461,161,507,196,car
/media/santosh/newdrive/prafulla/aerial_motion_dataset/0_aerial_final_dataset/new_Road_Safety_Services_and_Design2/876.jpg,396,261,435,300,car
/media/santosh/newdrive/prafulla/aerial_motion_dataset/0_aerial_final_dataset/new_Road_Safety_Services_and_Design2/876.jpg,282,272,324,300,car
/media/santosh/newdrive/prafulla/aerial_motion_dataset/0_aerial_final_dataset/new_Road_Safety_Services_and_Design2/876.jpg,98,276,144,306,car
/media/santosh/newdrive/prafulla/aerial_motion_dataset/0_aerial_final_dataset/new_Road_Safety_Services_and_Design2/876.jpg,6,288,58,325,car
/media/santosh/newdrive/prafulla/aerial_motion_dataset/0_aerial_final_dataset/new_Road_Safety_Services_and_Design2/877.jpg,299,314,358,359,heavy vehicle
/media/santosh/newdrive/prafulla/aerial_motion_dataset/0_aerial_final_dataset/new_Road_Safety_Services_and_Design2/877.jpg,597,19,608,69,car
/media/santosh/newdrive/prafulla/aerial_motion_dataset/0_aerial_final_dataset/new_Road_Safety_Services_and_Design2/877.jpg,4,291,58,322,car
/media/santosh/newdrive/prafulla/aerial_motion_dataset/0_aerial_final_dataset/new_Road_Safety_Services_and_Design2/877.jpg,100,280,146,306,car
/media/santosh/newdrive/prafulla/aerial_motion_dataset/0_aerial_final_dataset/new_Road_Safety_Services_and_Design2/877.jpg,286,268,327,298,car
/media/santosh/newdrive/prafulla/aerial_motion_dataset/0_aerial_final_dataset/new_Road_Safety_Services_and_Design2/877.jpg,397,262,438,294,car
/media/santosh/newdrive/prafulla/aerial_motion_dataset/0_aerial_final_dataset/new_Road_Safety_Services_and_Design2/877.jpg,456,157,503,194,car
/media/santosh/newdrive/prafulla/aerial_motion_dataset/0_aerial_final_dataset/new_Road_Safety_Services_and_Design2/878.jpg,304,315,358,362,heavy vehicle
/media/santosh/newdrive/prafulla/aerial_motion_dataset/0_aerial_final_dataset/new_Road_Safety_Services_and_Design2/878.jpg,596,18,608,67,car
/media/santosh/newdrive/prafulla/aerial_motion_dataset/0_aerial_final_dataset/new_Road_Safety_Services_and_Design2/878.jpg,454,160,497,193,car
/media/santosh/newdrive/prafulla/aerial_motion_dataset/0_aerial_final_dataset/new_Road_Safety_Services_and_Design2/878.jpg,398,265,438,294,car
/media/santosh/newdrive/prafulla/aerial_motion_dataset/0_aerial_final_dataset/new_Road_Safety_Services_and_Design2/878.jpg,289,269,328,301,car
/media/santosh/newdrive/prafulla/aerial_motion_dataset/0_aerial_final_dataset/new_Road_Safety_Services_and_Design2/878.jpg,100,281,145,306,car
/media/santosh/newdrive/prafulla/aerial_motion_dataset/0_aerial_final_dataset/new_Road_Safety_Services_and_Design2/878.jpg,7,288,58,325,car
/media/santosh/newdrive/prafulla/aerial_motion_dataset/0_aerial_final_dataset/new_Road_Safety_Services_and_Design2/879.jpg,305,313,359,363,heavy vehicle
/media/santosh/newdrive/prafulla/aerial_motion_dataset/0_aerial_final_dataset/new_Road_Safety_Services_and_Design2/879.jpg,596,18,608,67,car
/media/santosh/newdrive/prafulla/aerial_motion_dataset/0_aerial_final_dataset/new_Road_Safety_Services_and_Design2/879.jpg,448,159,494,197,car
/media/santosh/newdrive/prafulla/aerial_motion_dataset/0_aerial_final_dataset/new_Road_Safety_Services_and_Design2/879.jpg,4,288,59,323,car
/media/santosh/newdrive/prafulla/aerial_motion_dataset/0_aerial_final_dataset/new_Road_Safety_Services_and_Design2/879.jpg,101,281,144,307,car
/media/santosh/newdrive/prafulla/aerial_motion_dataset/0_aerial_final_dataset/new_Road_Safety_Services_and_Design2/879.jpg,290,267,328,298,car
/media/santosh/newdrive/prafulla/aerial_motion_dataset/0_aerial_final_dataset/new_Road_Safety_Services_and_Design2/879.jpg,400,266,442,292,car
/media/santosh/newdrive/prafulla/aerial_motion_dataset/0_aerial_final_dataset/new_Road_Safety_Services_and_Design2/880.jpg,304,314,359,364,heavy vehicle
/media/santosh/newdrive/prafulla/aerial_motion_dataset/0_aerial_final_dataset/new_Road_Safety_Services_and_Design2/880.jpg,594,10,608,59,car
/media/santosh/newdrive/prafulla/aerial_motion_dataset/0_aerial_final_dataset/new_Road_Safety_Services_and_Design2/880.jpg,5,290,57,318,car
/media/santosh/newdrive/prafulla/aerial_motion_dataset/0_aerial_final_dataset/new_Road_Safety_Services_and_Design2/880.jpg,101,279,146,306,car
/media/santosh/newdrive/prafulla/aerial_motion_dataset/0_aerial_final_dataset/new_Road_Safety_Services_and_Design2/880.jpg,291,269,331,299,car
/media/santosh/newdrive/prafulla/aerial_motion_dataset/0_aerial_final_dataset/new_Road_Safety_Services_and_Design2/880.jpg,404,266,444,298,car
/media/santosh/newdrive/prafulla/aerial_motion_dataset/0_aerial_final_dataset/new_Road_Safety_Services_and_Design2/880.jpg,446,163,492,190,car
/media/santosh/newdrive/prafulla/aerial_motion_dataset/0_aerial_final_dataset/new_Road_Safety_Services_and_Design2/881.jpg,301,310,359,359,heavy vehicle
/media/santosh/newdrive/prafulla/aerial_motion_dataset/0_aerial_final_dataset/new_Road_Safety_Services_and_Design2/881.jpg,593,14,608,61,car
/media/santosh/newdrive/prafulla/aerial_motion_dataset/0_aerial_final_dataset/new_Road_Safety_Services_and_Design2/881.jpg,8,288,58,320,car
/media/santosh/newdrive/prafulla/aerial_motion_dataset/0_aerial_final_dataset/new_Road_Safety_Services_and_Design2/881.jpg,101,281,145,309,car
/media/santosh/newdrive/prafulla/aerial_motion_dataset/0_aerial_final_dataset/new_Road_Safety_Services_and_Design2/881.jpg,291,268,335,301,car
/media/santosh/newdrive/prafulla/aerial_motion_dataset/0_aerial_final_dataset/new_Road_Safety_Services_and_Design2/881.jpg,405,266,444,298,car
/media/santosh/newdrive/prafulla/aerial_motion_dataset/0_aerial_final_dataset/new_Road_Safety_Services_and_Design2/881.jpg,441,166,488,195,car
/media/santosh/newdrive/prafulla/aerial_motion_dataset/0_aerial_final_dataset/new_Road_Safety_Services_and_Design2/882.jpg,304,314,358,361,heavy vehicle
/media/santosh/newdrive/prafulla/aerial_motion_dataset/0_aerial_final_dataset/new_Road_Safety_Services_and_Design2/882.jpg,593,7,608,63,car
/media/santosh/newdrive/prafulla/aerial_motion_dataset/0_aerial_final_dataset/new_Road_Safety_Services_and_Design2/882.jpg,434,163,482,194,car
/media/santosh/newdrive/prafulla/aerial_motion_dataset/0_aerial_final_dataset/new_Road_Safety_Services_and_Design2/882.jpg,407,265,447,299,car
/media/santosh/newdrive/prafulla/aerial_motion_dataset/0_aerial_final_dataset/new_Road_Safety_Services_and_Design2/882.jpg,292,269,333,295,car
/media/santosh/newdrive/prafulla/aerial_motion_dataset/0_aerial_final_dataset/new_Road_Safety_Services_and_Design2/882.jpg,99,276,148,305,car
/media/santosh/newdrive/prafulla/aerial_motion_dataset/0_aerial_final_dataset/new_Road_Safety_Services_and_Design2/882.jpg,7,291,58,324,car
/media/santosh/newdrive/prafulla/aerial_motion_dataset/0_aerial_final_dataset/new_Road_Safety_Services_and_Design2/883.jpg,303,314,358,364,heavy vehicle
/media/santosh/newdrive/prafulla/aerial_motion_dataset/0_aerial_final_dataset/new_Road_Safety_Services_and_Design2/883.jpg,590,7,608,55,car
/media/santosh/newdrive/prafulla/aerial_motion_dataset/0_aerial_final_dataset/new_Road_Safety_Services_and_Design2/883.jpg,6,290,57,320,car
/media/santosh/newdrive/prafulla/aerial_motion_dataset/0_aerial_final_dataset/new_Road_Safety_Services_and_Design2/883.jpg,102,280,148,307,car
/media/santosh/newdrive/prafulla/aerial_motion_dataset/0_aerial_final_dataset/new_Road_Safety_Services_and_Design2/883.jpg,295,270,335,296,car
/media/santosh/newdrive/prafulla/aerial_motion_dataset/0_aerial_final_dataset/new_Road_Safety_Services_and_Design2/883.jpg,409,264,450,296,car
/media/santosh/newdrive/prafulla/aerial_motion_dataset/0_aerial_final_dataset/new_Road_Safety_Services_and_Design2/883.jpg,433,163,479,194,car
/media/santosh/newdrive/prafulla/aerial_motion_dataset/0_aerial_final_dataset/new_Road_Safety_Services_and_Design2/884.jpg,304,315,359,365,heavy vehicle
/media/santosh/newdrive/prafulla/aerial_motion_dataset/0_aerial_final_dataset/new_Road_Safety_Services_and_Design2/884.jpg,589,6,608,51,car
/media/santosh/newdrive/prafulla/aerial_motion_dataset/0_aerial_final_dataset/new_Road_Safety_Services_and_Design2/884.jpg,429,164,473,198,car
/media/santosh/newdrive/prafulla/aerial_motion_dataset/0_aerial_final_dataset/new_Road_Safety_Services_and_Design2/884.jpg,411,264,451,296,car
/media/santosh/newdrive/prafulla/aerial_motion_dataset/0_aerial_final_dataset/new_Road_Safety_Services_and_Design2/884.jpg,298,266,329,298,car
/media/santosh/newdrive/prafulla/aerial_motion_dataset/0_aerial_final_dataset/new_Road_Safety_Services_and_Design2/884.jpg,101,280,147,305,car
/media/santosh/newdrive/prafulla/aerial_motion_dataset/0_aerial_final_dataset/new_Road_Safety_Services_and_Design2/884.jpg,7,290,60,322,car
/media/santosh/newdrive/prafulla/aerial_motion_dataset/0_aerial_final_dataset/new_Road_Safety_Services_and_Design2/885.jpg,304,310,358,367,heavy vehicle
/media/santosh/newdrive/prafulla/aerial_motion_dataset/0_aerial_final_dataset/new_Road_Safety_Services_and_Design2/885.jpg,587,3,608,63,car
/media/santosh/newdrive/prafulla/aerial_motion_dataset/0_aerial_final_dataset/new_Road_Safety_Services_and_Design2/885.jpg,6,290,61,322,car
/media/santosh/newdrive/prafulla/aerial_motion_dataset/0_aerial_final_dataset/new_Road_Safety_Services_and_Design2/885.jpg,102,279,148,309,car
/media/santosh/newdrive/prafulla/aerial_motion_dataset/0_aerial_final_dataset/new_Road_Safety_Services_and_Design2/885.jpg,299,269,341,299,car
/media/santosh/newdrive/prafulla/aerial_motion_dataset/0_aerial_final_dataset/new_Road_Safety_Services_and_Design2/885.jpg,413,266,453,296,car
/media/santosh/newdrive/prafulla/aerial_motion_dataset/0_aerial_final_dataset/new_Road_Safety_Services_and_Design2/885.jpg,425,163,470,197,car
/media/santosh/newdrive/prafulla/aerial_motion_dataset/0_aerial_final_dataset/new_Road_Safety_Services_and_Design2/886.jpg,304,314,360,363,heavy vehicle
/media/santosh/newdrive/prafulla/aerial_motion_dataset/0_aerial_final_dataset/new_Road_Safety_Services_and_Design2/886.jpg,588,2,608,64,car
/media/santosh/newdrive/prafulla/aerial_motion_dataset/0_aerial_final_dataset/new_Road_Safety_Services_and_Design2/886.jpg,421,166,463,200,car
/media/santosh/newdrive/prafulla/aerial_motion_dataset/0_aerial_final_dataset/new_Road_Safety_Services_and_Design2/886.jpg,415,266,456,298,car
/media/santosh/newdrive/prafulla/aerial_motion_dataset/0_aerial_final_dataset/new_Road_Safety_Services_and_Design2/886.jpg,300,266,341,298,car
/media/santosh/newdrive/prafulla/aerial_motion_dataset/0_aerial_final_dataset/new_Road_Safety_Services_and_Design2/886.jpg,103,279,149,309,car
/media/santosh/newdrive/prafulla/aerial_motion_dataset/0_aerial_final_dataset/new_Road_Safety_Services_and_Design2/886.jpg,6,290,61,318,car
/media/santosh/newdrive/prafulla/aerial_motion_dataset/0_aerial_final_dataset/new_Road_Safety_Services_and_Design2/887.jpg,304,316,358,363,heavy vehicle
/media/santosh/newdrive/prafulla/aerial_motion_dataset/0_aerial_final_dataset/new_Road_Safety_Services_and_Design2/887.jpg,585,2,608,58,car
/media/santosh/newdrive/prafulla/aerial_motion_dataset/0_aerial_final_dataset/new_Road_Safety_Services_and_Design2/887.jpg,7,288,61,322,car
/media/santosh/newdrive/prafulla/aerial_motion_dataset/0_aerial_final_dataset/new_Road_Safety_Services_and_Design2/887.jpg,102,279,150,306,car
/media/santosh/newdrive/prafulla/aerial_motion_dataset/0_aerial_final_dataset/new_Road_Safety_Services_and_Design2/887.jpg,303,269,344,299,car
/media/santosh/newdrive/prafulla/aerial_motion_dataset/0_aerial_final_dataset/new_Road_Safety_Services_and_Design2/887.jpg,419,264,457,296,car
/media/santosh/newdrive/prafulla/aerial_motion_dataset/0_aerial_final_dataset/new_Road_Safety_Services_and_Design2/887.jpg,416,166,462,198,car
/media/santosh/newdrive/prafulla/aerial_motion_dataset/0_aerial_final_dataset/new_Road_Safety_Services_and_Design2/888.jpg,307,314,360,365,heavy vehicle
/media/santosh/newdrive/prafulla/aerial_motion_dataset/0_aerial_final_dataset/new_Road_Safety_Services_and_Design2/888.jpg,587,0,608,55,car
/media/santosh/newdrive/prafulla/aerial_motion_dataset/0_aerial_final_dataset/new_Road_Safety_Services_and_Design2/888.jpg,412,166,457,197,car
/media/santosh/newdrive/prafulla/aerial_motion_dataset/0_aerial_final_dataset/new_Road_Safety_Services_and_Design2/888.jpg,419,265,461,299,car
/media/santosh/newdrive/prafulla/aerial_motion_dataset/0_aerial_final_dataset/new_Road_Safety_Services_and_Design2/888.jpg,304,269,345,295,car
/media/santosh/newdrive/prafulla/aerial_motion_dataset/0_aerial_final_dataset/new_Road_Safety_Services_and_Design2/888.jpg,106,280,148,309,car
/media/santosh/newdrive/prafulla/aerial_motion_dataset/0_aerial_final_dataset/new_Road_Safety_Services_and_Design2/888.jpg,9,291,61,322,car
/media/santosh/newdrive/prafulla/aerial_motion_dataset/0_aerial_final_dataset/new_Road_Safety_Services_and_Design2/889.jpg,307,318,359,365,heavy vehicle
/media/santosh/newdrive/prafulla/aerial_motion_dataset/0_aerial_final_dataset/new_Road_Safety_Services_and_Design2/889.jpg,585,0,608,52,car
/media/santosh/newdrive/prafulla/aerial_motion_dataset/0_aerial_final_dataset/new_Road_Safety_Services_and_Design2/889.jpg,6,291,61,322,car
/media/santosh/newdrive/prafulla/aerial_motion_dataset/0_aerial_final_dataset/new_Road_Safety_Services_and_Design2/889.jpg,104,276,148,305,car
/media/santosh/newdrive/prafulla/aerial_motion_dataset/0_aerial_final_dataset/new_Road_Safety_Services_and_Design2/889.jpg,304,270,348,300,car
/media/santosh/newdrive/prafulla/aerial_motion_dataset/0_aerial_final_dataset/new_Road_Safety_Services_and_Design2/889.jpg,422,267,463,300,car
/media/santosh/newdrive/prafulla/aerial_motion_dataset/0_aerial_final_dataset/new_Road_Safety_Services_and_Design2/889.jpg,407,167,454,197,car
/media/santosh/newdrive/prafulla/aerial_motion_dataset/0_aerial_final_dataset/new_Road_Safety_Services_and_Design2/890.jpg,306,313,361,367,heavy vehicle
/media/santosh/newdrive/prafulla/aerial_motion_dataset/0_aerial_final_dataset/new_Road_Safety_Services_and_Design2/890.jpg,583,0,608,51,car
/media/santosh/newdrive/prafulla/aerial_motion_dataset/0_aerial_final_dataset/new_Road_Safety_Services_and_Design2/890.jpg,425,265,465,298,car
/media/santosh/newdrive/prafulla/aerial_motion_dataset/0_aerial_final_dataset/new_Road_Safety_Services_and_Design2/890.jpg,405,168,449,200,car
/media/santosh/newdrive/prafulla/aerial_motion_dataset/0_aerial_final_dataset/new_Road_Safety_Services_and_Design2/890.jpg,307,267,348,296,car
/media/santosh/newdrive/prafulla/aerial_motion_dataset/0_aerial_final_dataset/new_Road_Safety_Services_and_Design2/890.jpg,104,279,149,306,car
/media/santosh/newdrive/prafulla/aerial_motion_dataset/0_aerial_final_dataset/new_Road_Safety_Services_and_Design2/890.jpg,11,291,61,323,car
/media/santosh/newdrive/prafulla/aerial_motion_dataset/0_aerial_final_dataset/new_Road_Safety_Services_and_Design2/891.jpg,307,315,361,359,heavy vehicle
/media/santosh/newdrive/prafulla/aerial_motion_dataset/0_aerial_final_dataset/new_Road_Safety_Services_and_Design2/891.jpg,585,1,608,52,car
/media/santosh/newdrive/prafulla/aerial_motion_dataset/0_aerial_final_dataset/new_Road_Safety_Services_and_Design2/891.jpg,10,289,61,318,car
/media/santosh/newdrive/prafulla/aerial_motion_dataset/0_aerial_final_dataset/new_Road_Safety_Services_and_Design2/891.jpg,106,280,150,310,car
/media/santosh/newdrive/prafulla/aerial_motion_dataset/0_aerial_final_dataset/new_Road_Safety_Services_and_Design2/891.jpg,310,266,349,298,car
/media/santosh/newdrive/prafulla/aerial_motion_dataset/0_aerial_final_dataset/new_Road_Safety_Services_and_Design2/891.jpg,400,167,444,200,car
/media/santosh/newdrive/prafulla/aerial_motion_dataset/0_aerial_final_dataset/new_Road_Safety_Services_and_Design2/891.jpg,426,265,468,299,car
/media/santosh/newdrive/prafulla/aerial_motion_dataset/0_aerial_final_dataset/new_Road_Safety_Services_and_Design2/892.jpg,308,312,360,364,heavy vehicle
/media/santosh/newdrive/prafulla/aerial_motion_dataset/0_aerial_final_dataset/new_Road_Safety_Services_and_Design2/892.jpg,580,2,608,51,car
/media/santosh/newdrive/prafulla/aerial_motion_dataset/0_aerial_final_dataset/new_Road_Safety_Services_and_Design2/892.jpg,429,265,469,295,car
/media/santosh/newdrive/prafulla/aerial_motion_dataset/0_aerial_final_dataset/new_Road_Safety_Services_and_Design2/892.jpg,397,167,440,201,car
/media/santosh/newdrive/prafulla/aerial_motion_dataset/0_aerial_final_dataset/new_Road_Safety_Services_and_Design2/892.jpg,310,268,352,296,car
/media/santosh/newdrive/prafulla/aerial_motion_dataset/0_aerial_final_dataset/new_Road_Safety_Services_and_Design2/892.jpg,106,279,150,307,car
/media/santosh/newdrive/prafulla/aerial_motion_dataset/0_aerial_final_dataset/new_Road_Safety_Services_and_Design2/892.jpg,11,289,62,324,car
/media/santosh/newdrive/prafulla/aerial_motion_dataset/0_aerial_final_dataset/new_Road_Safety_Services_and_Design2/893.jpg,307,314,362,360,heavy vehicle
/media/santosh/newdrive/prafulla/aerial_motion_dataset/0_aerial_final_dataset/new_Road_Safety_Services_and_Design2/893.jpg,582,0,608,51,car
/media/santosh/newdrive/prafulla/aerial_motion_dataset/0_aerial_final_dataset/new_Road_Safety_Services_and_Design2/893.jpg,7,287,63,321,car
/media/santosh/newdrive/prafulla/aerial_motion_dataset/0_aerial_final_dataset/new_Road_Safety_Services_and_Design2/893.jpg,105,280,150,309,car
/media/santosh/newdrive/prafulla/aerial_motion_dataset/0_aerial_final_dataset/new_Road_Safety_Services_and_Design2/893.jpg,313,266,353,296,car
/media/santosh/newdrive/prafulla/aerial_motion_dataset/0_aerial_final_dataset/new_Road_Safety_Services_and_Design2/893.jpg,392,171,437,203,car
/media/santosh/newdrive/prafulla/aerial_motion_dataset/0_aerial_final_dataset/new_Road_Safety_Services_and_Design2/893.jpg,432,264,471,298,car
/media/santosh/newdrive/prafulla/aerial_motion_dataset/0_aerial_final_dataset/new_Road_Safety_Services_and_Design2/894.jpg,308,318,360,358,heavy vehicle
/media/santosh/newdrive/prafulla/aerial_motion_dataset/0_aerial_final_dataset/new_Road_Safety_Services_and_Design2/894.jpg,580,2,608,47,car
/media/santosh/newdrive/prafulla/aerial_motion_dataset/0_aerial_final_dataset/new_Road_Safety_Services_and_Design2/894.jpg,432,267,474,298,car
/media/santosh/newdrive/prafulla/aerial_motion_dataset/0_aerial_final_dataset/new_Road_Safety_Services_and_Design2/894.jpg,387,170,431,202,car
/media/santosh/newdrive/prafulla/aerial_motion_dataset/0_aerial_final_dataset/new_Road_Safety_Services_and_Design2/894.jpg,315,267,355,298,car
/media/santosh/newdrive/prafulla/aerial_motion_dataset/0_aerial_final_dataset/new_Road_Safety_Services_and_Design2/894.jpg,105,276,152,306,car
/media/santosh/newdrive/prafulla/aerial_motion_dataset/0_aerial_final_dataset/new_Road_Safety_Services_and_Design2/894.jpg,9,290,64,322,car
/media/santosh/newdrive/prafulla/aerial_motion_dataset/0_aerial_final_dataset/new_Road_Safety_Services_and_Design2/895.jpg,307,314,363,364,heavy vehicle
/media/santosh/newdrive/prafulla/aerial_motion_dataset/0_aerial_final_dataset/new_Road_Safety_Services_and_Design2/895.jpg,577,0,608,48,car
/media/santosh/newdrive/prafulla/aerial_motion_dataset/0_aerial_final_dataset/new_Road_Safety_Services_and_Design2/895.jpg,11,290,62,318,car
/media/santosh/newdrive/prafulla/aerial_motion_dataset/0_aerial_final_dataset/new_Road_Safety_Services_and_Design2/895.jpg,107,279,152,310,car
/media/santosh/newdrive/prafulla/aerial_motion_dataset/0_aerial_final_dataset/new_Road_Safety_Services_and_Design2/895.jpg,316,267,359,300,car
/media/santosh/newdrive/prafulla/aerial_motion_dataset/0_aerial_final_dataset/new_Road_Safety_Services_and_Design2/895.jpg,381,170,430,202,car
/media/santosh/newdrive/prafulla/aerial_motion_dataset/0_aerial_final_dataset/new_Road_Safety_Services_and_Design2/895.jpg,436,262,476,298,car
/media/santosh/newdrive/prafulla/aerial_motion_dataset/0_aerial_final_dataset/new_Road_Safety_Services_and_Design2/896.jpg,309,311,361,365,heavy vehicle
/media/santosh/newdrive/prafulla/aerial_motion_dataset/0_aerial_final_dataset/new_Road_Safety_Services_and_Design2/896.jpg,577,2,608,45,car
/media/santosh/newdrive/prafulla/aerial_motion_dataset/0_aerial_final_dataset/new_Road_Safety_Services_and_Design2/896.jpg,10,284,63,318,car
/media/santosh/newdrive/prafulla/aerial_motion_dataset/0_aerial_final_dataset/new_Road_Safety_Services_and_Design2/896.jpg,106,276,152,305,car
/media/santosh/newdrive/prafulla/aerial_motion_dataset/0_aerial_final_dataset/new_Road_Safety_Services_and_Design2/896.jpg,319,267,360,298,car
/media/santosh/newdrive/prafulla/aerial_motion_dataset/0_aerial_final_dataset/new_Road_Safety_Services_and_Design2/896.jpg,379,171,424,203,car
/media/santosh/newdrive/prafulla/aerial_motion_dataset/0_aerial_final_dataset/new_Road_Safety_Services_and_Design2/896.jpg,440,264,478,298,car
/media/santosh/newdrive/prafulla/aerial_motion_dataset/0_aerial_final_dataset/new_Road_Safety_Services_and_Design2/897.jpg,304,316,362,361,heavy vehicle
/media/santosh/newdrive/prafulla/aerial_motion_dataset/0_aerial_final_dataset/new_Road_Safety_Services_and_Design2/897.jpg,573,0,608,41,car
/media/santosh/newdrive/prafulla/aerial_motion_dataset/0_aerial_final_dataset/new_Road_Safety_Services_and_Design2/897.jpg,441,265,480,298,car
/media/santosh/newdrive/prafulla/aerial_motion_dataset/0_aerial_final_dataset/new_Road_Safety_Services_and_Design2/897.jpg,374,172,419,205,car
/media/santosh/newdrive/prafulla/aerial_motion_dataset/0_aerial_final_dataset/new_Road_Safety_Services_and_Design2/897.jpg,320,268,361,296,car
/media/santosh/newdrive/prafulla/aerial_motion_dataset/0_aerial_final_dataset/new_Road_Safety_Services_and_Design2/897.jpg,107,279,151,306,car
/media/santosh/newdrive/prafulla/aerial_motion_dataset/0_aerial_final_dataset/new_Road_Safety_Services_and_Design2/897.jpg,12,288,64,322,car
/media/santosh/newdrive/prafulla/aerial_motion_dataset/0_aerial_final_dataset/new_Road_Safety_Services_and_Design2/898.jpg,307,316,363,362,heavy vehicle
/media/santosh/newdrive/prafulla/aerial_motion_dataset/0_aerial_final_dataset/new_Road_Safety_Services_and_Design2/898.jpg,576,2,608,43,car
/media/santosh/newdrive/prafulla/aerial_motion_dataset/0_aerial_final_dataset/new_Road_Safety_Services_and_Design2/898.jpg,13,287,63,320,car
/media/santosh/newdrive/prafulla/aerial_motion_dataset/0_aerial_final_dataset/new_Road_Safety_Services_and_Design2/898.jpg,107,276,154,306,car
/media/santosh/newdrive/prafulla/aerial_motion_dataset/0_aerial_final_dataset/new_Road_Safety_Services_and_Design2/898.jpg,322,269,362,299,car
/media/santosh/newdrive/prafulla/aerial_motion_dataset/0_aerial_final_dataset/new_Road_Safety_Services_and_Design2/898.jpg,372,172,414,202,car
/media/santosh/newdrive/prafulla/aerial_motion_dataset/0_aerial_final_dataset/new_Road_Safety_Services_and_Design2/898.jpg,444,262,481,299,car
/media/santosh/newdrive/prafulla/aerial_motion_dataset/0_aerial_final_dataset/new_Road_Safety_Services_and_Design2/899.jpg,306,318,363,362,heavy vehicle
/media/santosh/newdrive/prafulla/aerial_motion_dataset/0_aerial_final_dataset/new_Road_Safety_Services_and_Design2/899.jpg,575,0,608,36,car
/media/santosh/newdrive/prafulla/aerial_motion_dataset/0_aerial_final_dataset/new_Road_Safety_Services_and_Design2/899.jpg,13,288,63,322,car
/media/santosh/newdrive/prafulla/aerial_motion_dataset/0_aerial_final_dataset/new_Road_Safety_Services_and_Design2/899.jpg,107,278,153,305,car
/media/santosh/newdrive/prafulla/aerial_motion_dataset/0_aerial_final_dataset/new_Road_Safety_Services_and_Design2/899.jpg,324,267,365,298,car
/media/santosh/newdrive/prafulla/aerial_motion_dataset/0_aerial_final_dataset/new_Road_Safety_Services_and_Design2/899.jpg,365,171,411,202,car
/media/santosh/newdrive/prafulla/aerial_motion_dataset/0_aerial_final_dataset/new_Road_Safety_Services_and_Design2/899.jpg,444,266,486,296,car
/media/santosh/newdrive/prafulla/aerial_motion_dataset/0_aerial_final_dataset/new_Road_Safety_Services_and_Design2/900.jpg,308,316,367,365,heavy vehicle
/media/santosh/newdrive/prafulla/aerial_motion_dataset/0_aerial_final_dataset/new_Road_Safety_Services_and_Design2/900.jpg,574,0,608,41,car
/media/santosh/newdrive/prafulla/aerial_motion_dataset/0_aerial_final_dataset/new_Road_Safety_Services_and_Design2/900.jpg,328,267,367,295,car
/media/santosh/newdrive/prafulla/aerial_motion_dataset/0_aerial_final_dataset/new_Road_Safety_Services_and_Design2/900.jpg,447,265,486,299,car
/media/santosh/newdrive/prafulla/aerial_motion_dataset/0_aerial_final_dataset/new_Road_Safety_Services_and_Design2/900.jpg,362,171,406,204,car
/media/santosh/newdrive/prafulla/aerial_motion_dataset/0_aerial_final_dataset/new_Road_Safety_Services_and_Design2/900.jpg,107,278,151,307,car
/media/santosh/newdrive/prafulla/aerial_motion_dataset/0_aerial_final_dataset/new_Road_Safety_Services_and_Design2/900.jpg,12,288,64,316,car
/media/santosh/newdrive/prafulla/aerial_motion_dataset/0_aerial_final_dataset/new_Road_Safety_Services_and_Design2/901.jpg,304,315,363,367,heavy vehicle
/media/santosh/newdrive/prafulla/aerial_motion_dataset/0_aerial_final_dataset/new_Road_Safety_Services_and_Design2/901.jpg,573,2,608,36,car
/media/santosh/newdrive/prafulla/aerial_motion_dataset/0_aerial_final_dataset/new_Road_Safety_Services_and_Design2/901.jpg,13,288,65,320,car
/media/santosh/newdrive/prafulla/aerial_motion_dataset/0_aerial_final_dataset/new_Road_Safety_Services_and_Design2/901.jpg,108,278,154,307,car
/media/santosh/newdrive/prafulla/aerial_motion_dataset/0_aerial_final_dataset/new_Road_Safety_Services_and_Design2/901.jpg,357,172,402,206,car
/media/santosh/newdrive/prafulla/aerial_motion_dataset/0_aerial_final_dataset/new_Road_Safety_Services_and_Design2/901.jpg,453,267,489,298,car
/media/santosh/newdrive/prafulla/aerial_motion_dataset/0_aerial_final_dataset/new_Road_Safety_Services_and_Design2/901.jpg,327,268,369,296,car
/media/santosh/newdrive/prafulla/aerial_motion_dataset/0_aerial_final_dataset/new_Road_Safety_Services_and_Design2/902.jpg,306,315,363,363,heavy vehicle
/media/santosh/newdrive/prafulla/aerial_motion_dataset/0_aerial_final_dataset/new_Road_Safety_Services_and_Design2/902.jpg,578,1,607,37,car
/media/santosh/newdrive/prafulla/aerial_motion_dataset/0_aerial_final_dataset/new_Road_Safety_Services_and_Design2/902.jpg,451,265,491,300,car
/media/santosh/newdrive/prafulla/aerial_motion_dataset/0_aerial_final_dataset/new_Road_Safety_Services_and_Design2/902.jpg,353,175,400,207,car
/media/santosh/newdrive/prafulla/aerial_motion_dataset/0_aerial_final_dataset/new_Road_Safety_Services_and_Design2/902.jpg,330,264,369,298,car
/media/santosh/newdrive/prafulla/aerial_motion_dataset/0_aerial_final_dataset/new_Road_Safety_Services_and_Design2/902.jpg,109,279,154,306,car
/media/santosh/newdrive/prafulla/aerial_motion_dataset/0_aerial_final_dataset/new_Road_Safety_Services_and_Design2/902.jpg,15,288,66,321,car
/media/santosh/newdrive/prafulla/aerial_motion_dataset/0_aerial_final_dataset/new_Road_Safety_Services_and_Design2/903.jpg,306,315,364,363,heavy vehicle
/media/santosh/newdrive/prafulla/aerial_motion_dataset/0_aerial_final_dataset/new_Road_Safety_Services_and_Design2/903.jpg,573,0,606,33,car
/media/santosh/newdrive/prafulla/aerial_motion_dataset/0_aerial_final_dataset/new_Road_Safety_Services_and_Design2/903.jpg,13,287,65,322,car
/media/santosh/newdrive/prafulla/aerial_motion_dataset/0_aerial_final_dataset/new_Road_Safety_Services_and_Design2/903.jpg,109,279,153,306,car
/media/santosh/newdrive/prafulla/aerial_motion_dataset/0_aerial_final_dataset/new_Road_Safety_Services_and_Design2/903.jpg,331,267,371,298,car
/media/santosh/newdrive/prafulla/aerial_motion_dataset/0_aerial_final_dataset/new_Road_Safety_Services_and_Design2/903.jpg,349,173,393,207,car
/media/santosh/newdrive/prafulla/aerial_motion_dataset/0_aerial_final_dataset/new_Road_Safety_Services_and_Design2/903.jpg,456,266,494,298,car
/media/santosh/newdrive/prafulla/aerial_motion_dataset/0_aerial_final_dataset/new_Road_Safety_Services_and_Design2/904.jpg,305,314,364,364,heavy vehicle
/media/santosh/newdrive/prafulla/aerial_motion_dataset/0_aerial_final_dataset/new_Road_Safety_Services_and_Design2/904.jpg,576,0,608,30,car
/media/santosh/newdrive/prafulla/aerial_motion_dataset/0_aerial_final_dataset/new_Road_Safety_Services_and_Design2/904.jpg,457,266,497,302,car
/media/santosh/newdrive/prafulla/aerial_motion_dataset/0_aerial_final_dataset/new_Road_Safety_Services_and_Design2/904.jpg,346,175,389,205,car
/media/santosh/newdrive/prafulla/aerial_motion_dataset/0_aerial_final_dataset/new_Road_Safety_Services_and_Design2/904.jpg,333,267,373,300,car
/media/santosh/newdrive/prafulla/aerial_motion_dataset/0_aerial_final_dataset/new_Road_Safety_Services_and_Design2/904.jpg,110,277,154,306,car
/media/santosh/newdrive/prafulla/aerial_motion_dataset/0_aerial_final_dataset/new_Road_Safety_Services_and_Design2/904.jpg,13,286,66,320,car
/media/santosh/newdrive/prafulla/aerial_motion_dataset/0_aerial_final_dataset/new_Road_Safety_Services_and_Design2/905.jpg,304,314,366,362,heavy vehicle
/media/santosh/newdrive/prafulla/aerial_motion_dataset/0_aerial_final_dataset/new_Road_Safety_Services_and_Design2/905.jpg,576,2,608,28,car
/media/santosh/newdrive/prafulla/aerial_motion_dataset/0_aerial_final_dataset/new_Road_Safety_Services_and_Design2/905.jpg,16,288,66,322,car
/media/santosh/newdrive/prafulla/aerial_motion_dataset/0_aerial_final_dataset/new_Road_Safety_Services_and_Design2/905.jpg,111,278,155,309,car
/media/santosh/newdrive/prafulla/aerial_motion_dataset/0_aerial_final_dataset/new_Road_Safety_Services_and_Design2/905.jpg,341,173,383,208,car
/media/santosh/newdrive/prafulla/aerial_motion_dataset/0_aerial_final_dataset/new_Road_Safety_Services_and_Design2/905.jpg,335,267,375,298,car
/media/santosh/newdrive/prafulla/aerial_motion_dataset/0_aerial_final_dataset/new_Road_Safety_Services_and_Design2/905.jpg,459,264,497,300,car
/media/santosh/newdrive/prafulla/aerial_motion_dataset/0_aerial_final_dataset/new_Road_Safety_Services_and_Design2/906.jpg,307,316,364,362,heavy vehicle
/media/santosh/newdrive/prafulla/aerial_motion_dataset/0_aerial_final_dataset/new_Road_Safety_Services_and_Design2/906.jpg,575,0,608,24,car
/media/santosh/newdrive/prafulla/aerial_motion_dataset/0_aerial_final_dataset/new_Road_Safety_Services_and_Design2/906.jpg,15,288,68,318,car
/media/santosh/newdrive/prafulla/aerial_motion_dataset/0_aerial_final_dataset/new_Road_Safety_Services_and_Design2/906.jpg,111,278,155,307,car
/media/santosh/newdrive/prafulla/aerial_motion_dataset/0_aerial_final_dataset/new_Road_Safety_Services_and_Design2/906.jpg,337,176,381,209,car
/media/santosh/newdrive/prafulla/aerial_motion_dataset/0_aerial_final_dataset/new_Road_Safety_Services_and_Design2/906.jpg,337,266,378,296,car
/media/santosh/newdrive/prafulla/aerial_motion_dataset/0_aerial_final_dataset/new_Road_Safety_Services_and_Design2/906.jpg,462,265,500,300,car
/media/santosh/newdrive/prafulla/aerial_motion_dataset/0_aerial_final_dataset/new_Road_Safety_Services_and_Design2/907.jpg,308,317,365,359,heavy vehicle
/media/santosh/newdrive/prafulla/aerial_motion_dataset/0_aerial_final_dataset/new_Road_Safety_Services_and_Design2/907.jpg,578,0,607,23,car
/media/santosh/newdrive/prafulla/aerial_motion_dataset/0_aerial_final_dataset/new_Road_Safety_Services_and_Design2/907.jpg,467,267,501,300,car
/media/santosh/newdrive/prafulla/aerial_motion_dataset/0_aerial_final_dataset/new_Road_Safety_Services_and_Design2/907.jpg,339,268,379,296,car
/media/santosh/newdrive/prafulla/aerial_motion_dataset/0_aerial_final_dataset/new_Road_Safety_Services_and_Design2/907.jpg,331,176,377,206,car
/media/santosh/newdrive/prafulla/aerial_motion_dataset/0_aerial_final_dataset/new_Road_Safety_Services_and_Design2/907.jpg,110,279,156,306,car
/media/santosh/newdrive/prafulla/aerial_motion_dataset/0_aerial_final_dataset/new_Road_Safety_Services_and_Design2/907.jpg,15,286,67,318,car
/media/santosh/newdrive/prafulla/aerial_motion_dataset/0_aerial_final_dataset/new_Road_Safety_Services_and_Design2/908.jpg,308,315,365,362,heavy vehicle
/media/santosh/newdrive/prafulla/aerial_motion_dataset/0_aerial_final_dataset/new_Road_Safety_Services_and_Design2/908.jpg,14,287,68,316,car
/media/santosh/newdrive/prafulla/aerial_motion_dataset/0_aerial_final_dataset/new_Road_Safety_Services_and_Design2/908.jpg,112,278,154,307,car
/media/santosh/newdrive/prafulla/aerial_motion_dataset/0_aerial_final_dataset/new_Road_Safety_Services_and_Design2/908.jpg,329,176,374,206,car
/media/santosh/newdrive/prafulla/aerial_motion_dataset/0_aerial_final_dataset/new_Road_Safety_Services_and_Design2/908.jpg,343,267,381,298,car
/media/santosh/newdrive/prafulla/aerial_motion_dataset/0_aerial_final_dataset/new_Road_Safety_Services_and_Design2/908.jpg,466,267,505,298,car
/media/santosh/newdrive/prafulla/aerial_motion_dataset/0_aerial_final_dataset/new_Road_Safety_Services_and_Design2/908.jpg,577,0,606,19,car
/media/santosh/newdrive/prafulla/aerial_motion_dataset/0_aerial_final_dataset/new_Road_Safety_Services_and_Design2/909.jpg,310,316,365,359,heavy vehicle
/media/santosh/newdrive/prafulla/aerial_motion_dataset/0_aerial_final_dataset/new_Road_Safety_Services_and_Design2/909.jpg,468,266,509,296,car
/media/santosh/newdrive/prafulla/aerial_motion_dataset/0_aerial_final_dataset/new_Road_Safety_Services_and_Design2/909.jpg,342,267,381,295,car
/media/santosh/newdrive/prafulla/aerial_motion_dataset/0_aerial_final_dataset/new_Road_Safety_Services_and_Design2/909.jpg,324,177,371,208,car
/media/santosh/newdrive/prafulla/aerial_motion_dataset/0_aerial_final_dataset/new_Road_Safety_Services_and_Design2/909.jpg,110,276,156,303,car
/media/santosh/newdrive/prafulla/aerial_motion_dataset/0_aerial_final_dataset/new_Road_Safety_Services_and_Design2/909.jpg,16,287,69,316,car
/media/santosh/newdrive/prafulla/aerial_motion_dataset/0_aerial_final_dataset/new_Road_Safety_Services_and_Design2/909.jpg,573,0,596,14,car
/media/santosh/newdrive/prafulla/aerial_motion_dataset/0_aerial_final_dataset/new_Road_Safety_Services_and_Design2/910.jpg,307,315,367,361,heavy vehicle
/media/santosh/newdrive/prafulla/aerial_motion_dataset/0_aerial_final_dataset/new_Road_Safety_Services_and_Design2/910.jpg,556,601,574,608,car
/media/santosh/newdrive/prafulla/aerial_motion_dataset/0_aerial_final_dataset/new_Road_Safety_Services_and_Design2/910.jpg,570,1,595,14,car
/media/santosh/newdrive/prafulla/aerial_motion_dataset/0_aerial_final_dataset/new_Road_Safety_Services_and_Design2/910.jpg,472,265,511,300,car
/media/santosh/newdrive/prafulla/aerial_motion_dataset/0_aerial_final_dataset/new_Road_Safety_Services_and_Design2/910.jpg,343,264,385,301,car
/media/santosh/newdrive/prafulla/aerial_motion_dataset/0_aerial_final_dataset/new_Road_Safety_Services_and_Design2/910.jpg,319,178,365,212,car
/media/santosh/newdrive/prafulla/aerial_motion_dataset/0_aerial_final_dataset/new_Road_Safety_Services_and_Design2/910.jpg,112,279,158,306,car
/media/santosh/newdrive/prafulla/aerial_motion_dataset/0_aerial_final_dataset/new_Road_Safety_Services_and_Design2/910.jpg,18,287,69,317,car
/media/santosh/newdrive/prafulla/aerial_motion_dataset/0_aerial_final_dataset/new_Road_Safety_Services_and_Design2/911.jpg,308,316,366,362,heavy vehicle
/media/santosh/newdrive/prafulla/aerial_motion_dataset/0_aerial_final_dataset/new_Road_Safety_Services_and_Design2/911.jpg,558,598,575,608,car
/media/santosh/newdrive/prafulla/aerial_motion_dataset/0_aerial_final_dataset/new_Road_Safety_Services_and_Design2/911.jpg,17,284,69,320,car
/media/santosh/newdrive/prafulla/aerial_motion_dataset/0_aerial_final_dataset/new_Road_Safety_Services_and_Design2/911.jpg,112,275,158,306,car
/media/santosh/newdrive/prafulla/aerial_motion_dataset/0_aerial_final_dataset/new_Road_Safety_Services_and_Design2/911.jpg,316,178,359,209,car
/media/santosh/newdrive/prafulla/aerial_motion_dataset/0_aerial_final_dataset/new_Road_Safety_Services_and_Design2/911.jpg,344,268,388,300,car
/media/santosh/newdrive/prafulla/aerial_motion_dataset/0_aerial_final_dataset/new_Road_Safety_Services_and_Design2/911.jpg,473,265,513,301,car
/media/santosh/newdrive/prafulla/aerial_motion_dataset/0_aerial_final_dataset/new_Road_Safety_Services_and_Design2/912.jpg,307,314,364,363,heavy vehicle
/media/santosh/newdrive/prafulla/aerial_motion_dataset/0_aerial_final_dataset/new_Road_Safety_Services_and_Design2/912.jpg,555,597,576,608,car
/media/santosh/newdrive/prafulla/aerial_motion_dataset/0_aerial_final_dataset/new_Road_Safety_Services_and_Design2/912.jpg,475,269,515,299,car
/media/santosh/newdrive/prafulla/aerial_motion_dataset/0_aerial_final_dataset/new_Road_Safety_Services_and_Design2/912.jpg,349,266,388,298,car
/media/santosh/newdrive/prafulla/aerial_motion_dataset/0_aerial_final_dataset/new_Road_Safety_Services_and_Design2/912.jpg,312,180,356,209,car
/media/santosh/newdrive/prafulla/aerial_motion_dataset/0_aerial_final_dataset/new_Road_Safety_Services_and_Design2/912.jpg,112,277,156,307,car
/media/santosh/newdrive/prafulla/aerial_motion_dataset/0_aerial_final_dataset/new_Road_Safety_Services_and_Design2/912.jpg,19,286,70,321,car
/media/santosh/newdrive/prafulla/aerial_motion_dataset/0_aerial_final_dataset/new_Road_Safety_Services_and_Design2/913.jpg,314,318,367,358,heavy vehicle
/media/santosh/newdrive/prafulla/aerial_motion_dataset/0_aerial_final_dataset/new_Road_Safety_Services_and_Design2/913.jpg,556,591,575,608,car
/media/santosh/newdrive/prafulla/aerial_motion_dataset/0_aerial_final_dataset/new_Road_Safety_Services_and_Design2/913.jpg,19,283,71,324,car
/media/santosh/newdrive/prafulla/aerial_motion_dataset/0_aerial_final_dataset/new_Road_Safety_Services_and_Design2/913.jpg,114,276,157,306,car
/media/santosh/newdrive/prafulla/aerial_motion_dataset/0_aerial_final_dataset/new_Road_Safety_Services_and_Design2/913.jpg,306,179,352,209,car
/media/santosh/newdrive/prafulla/aerial_motion_dataset/0_aerial_final_dataset/new_Road_Safety_Services_and_Design2/913.jpg,350,267,391,298,car
/media/santosh/newdrive/prafulla/aerial_motion_dataset/0_aerial_final_dataset/new_Road_Safety_Services_and_Design2/913.jpg,476,267,518,300,car
/media/santosh/newdrive/prafulla/aerial_motion_dataset/0_aerial_final_dataset/new_Road_Safety_Services_and_Design2/914.jpg,309,317,369,359,heavy vehicle
/media/santosh/newdrive/prafulla/aerial_motion_dataset/0_aerial_final_dataset/new_Road_Safety_Services_and_Design2/914.jpg,553,590,575,608,car
/media/santosh/newdrive/prafulla/aerial_motion_dataset/0_aerial_final_dataset/new_Road_Safety_Services_and_Design2/914.jpg,480,265,520,302,car
/media/santosh/newdrive/prafulla/aerial_motion_dataset/0_aerial_final_dataset/new_Road_Safety_Services_and_Design2/914.jpg,351,264,392,301,car
/media/santosh/newdrive/prafulla/aerial_motion_dataset/0_aerial_final_dataset/new_Road_Safety_Services_and_Design2/914.jpg,304,180,347,210,car
/media/santosh/newdrive/prafulla/aerial_motion_dataset/0_aerial_final_dataset/new_Road_Safety_Services_and_Design2/914.jpg,113,276,158,303,car
/media/santosh/newdrive/prafulla/aerial_motion_dataset/0_aerial_final_dataset/new_Road_Safety_Services_and_Design2/914.jpg,19,284,70,321,car
/media/santosh/newdrive/prafulla/aerial_motion_dataset/0_aerial_final_dataset/new_Road_Safety_Services_and_Design2/915.jpg,311,316,367,361,heavy vehicle
/media/santosh/newdrive/prafulla/aerial_motion_dataset/0_aerial_final_dataset/new_Road_Safety_Services_and_Design2/915.jpg,554,583,575,608,car
/media/santosh/newdrive/prafulla/aerial_motion_dataset/0_aerial_final_dataset/new_Road_Safety_Services_and_Design2/915.jpg,19,289,69,318,car
/media/santosh/newdrive/prafulla/aerial_motion_dataset/0_aerial_final_dataset/new_Road_Safety_Services_and_Design2/915.jpg,114,279,158,302,car
/media/santosh/newdrive/prafulla/aerial_motion_dataset/0_aerial_final_dataset/new_Road_Safety_Services_and_Design2/915.jpg,484,269,525,300,car
/media/santosh/newdrive/prafulla/aerial_motion_dataset/0_aerial_final_dataset/new_Road_Safety_Services_and_Design2/915.jpg,352,266,393,300,car
/media/santosh/newdrive/prafulla/aerial_motion_dataset/0_aerial_final_dataset/new_Road_Safety_Services_and_Design2/915.jpg,297,180,343,209,car
/media/santosh/newdrive/prafulla/aerial_motion_dataset/0_aerial_final_dataset/new_Road_Safety_Services_and_Design2/916.jpg,309,314,366,361,heavy vehicle
/media/santosh/newdrive/prafulla/aerial_motion_dataset/0_aerial_final_dataset/new_Road_Safety_Services_and_Design2/916.jpg,554,584,575,606,car
/media/santosh/newdrive/prafulla/aerial_motion_dataset/0_aerial_final_dataset/new_Road_Safety_Services_and_Design2/916.jpg,485,266,525,298,car
/media/santosh/newdrive/prafulla/aerial_motion_dataset/0_aerial_final_dataset/new_Road_Safety_Services_and_Design2/916.jpg,356,269,396,300,car
/media/santosh/newdrive/prafulla/aerial_motion_dataset/0_aerial_final_dataset/new_Road_Safety_Services_and_Design2/916.jpg,294,180,337,210,car
/media/santosh/newdrive/prafulla/aerial_motion_dataset/0_aerial_final_dataset/new_Road_Safety_Services_and_Design2/916.jpg,114,276,158,303,car
/media/santosh/newdrive/prafulla/aerial_motion_dataset/0_aerial_final_dataset/new_Road_Safety_Services_and_Design2/916.jpg,21,288,71,320,car
/media/santosh/newdrive/prafulla/aerial_motion_dataset/0_aerial_final_dataset/new_Road_Safety_Services_and_Design2/917.jpg,308,315,366,364,heavy vehicle
/media/santosh/newdrive/prafulla/aerial_motion_dataset/0_aerial_final_dataset/new_Road_Safety_Services_and_Design2/917.jpg,20,284,73,316,car
/media/santosh/newdrive/prafulla/aerial_motion_dataset/0_aerial_final_dataset/new_Road_Safety_Services_and_Design2/917.jpg,114,278,160,303,car
/media/santosh/newdrive/prafulla/aerial_motion_dataset/0_aerial_final_dataset/new_Road_Safety_Services_and_Design2/917.jpg,289,180,333,210,car
/media/santosh/newdrive/prafulla/aerial_motion_dataset/0_aerial_final_dataset/new_Road_Safety_Services_and_Design2/917.jpg,356,264,396,300,car
/media/santosh/newdrive/prafulla/aerial_motion_dataset/0_aerial_final_dataset/new_Road_Safety_Services_and_Design2/917.jpg,488,267,527,303,car
/media/santosh/newdrive/prafulla/aerial_motion_dataset/0_aerial_final_dataset/new_Road_Safety_Services_and_Design2/917.jpg,556,583,575,608,car
/media/santosh/newdrive/prafulla/aerial_motion_dataset/0_aerial_final_dataset/new_Road_Safety_Services_and_Design2/918.jpg,311,316,367,362,heavy vehicle
/media/santosh/newdrive/prafulla/aerial_motion_dataset/0_aerial_final_dataset/new_Road_Safety_Services_and_Design2/918.jpg,553,583,573,606,car
/media/santosh/newdrive/prafulla/aerial_motion_dataset/0_aerial_final_dataset/new_Road_Safety_Services_and_Design2/918.jpg,491,267,529,300,car
/media/santosh/newdrive/prafulla/aerial_motion_dataset/0_aerial_final_dataset/new_Road_Safety_Services_and_Design2/918.jpg,356,265,400,299,car
/media/santosh/newdrive/prafulla/aerial_motion_dataset/0_aerial_final_dataset/new_Road_Safety_Services_and_Design2/918.jpg,286,183,330,215,car
/media/santosh/newdrive/prafulla/aerial_motion_dataset/0_aerial_final_dataset/new_Road_Safety_Services_and_Design2/918.jpg,116,276,160,305,car
/media/santosh/newdrive/prafulla/aerial_motion_dataset/0_aerial_final_dataset/new_Road_Safety_Services_and_Design2/918.jpg,20,284,72,318,car
/media/santosh/newdrive/prafulla/aerial_motion_dataset/0_aerial_final_dataset/new_Road_Safety_Services_and_Design2/919.jpg,310,314,368,365,heavy vehicle
/media/santosh/newdrive/prafulla/aerial_motion_dataset/0_aerial_final_dataset/new_Road_Safety_Services_and_Design2/919.jpg,21,284,72,320,car
/media/santosh/newdrive/prafulla/aerial_motion_dataset/0_aerial_final_dataset/new_Road_Safety_Services_and_Design2/919.jpg,116,276,161,302,car
/media/santosh/newdrive/prafulla/aerial_motion_dataset/0_aerial_final_dataset/new_Road_Safety_Services_and_Design2/919.jpg,281,180,326,212,car
/media/santosh/newdrive/prafulla/aerial_motion_dataset/0_aerial_final_dataset/new_Road_Safety_Services_and_Design2/919.jpg,360,268,401,302,car
/media/santosh/newdrive/prafulla/aerial_motion_dataset/0_aerial_final_dataset/new_Road_Safety_Services_and_Design2/919.jpg,491,269,532,301,car
/media/santosh/newdrive/prafulla/aerial_motion_dataset/0_aerial_final_dataset/new_Road_Safety_Services_and_Design2/919.jpg,552,578,573,608,car
/media/santosh/newdrive/prafulla/aerial_motion_dataset/0_aerial_final_dataset/new_Road_Safety_Services_and_Design2/920.jpg,311,315,367,365,heavy vehicle
/media/santosh/newdrive/prafulla/aerial_motion_dataset/0_aerial_final_dataset/new_Road_Safety_Services_and_Design2/920.jpg,554,575,573,606,car
/media/santosh/newdrive/prafulla/aerial_motion_dataset/0_aerial_final_dataset/new_Road_Safety_Services_and_Design2/920.jpg,494,269,534,298,car
/media/santosh/newdrive/prafulla/aerial_motion_dataset/0_aerial_final_dataset/new_Road_Safety_Services_and_Design2/920.jpg,362,267,405,300,car
/media/santosh/newdrive/prafulla/aerial_motion_dataset/0_aerial_final_dataset/new_Road_Safety_Services_and_Design2/920.jpg,278,182,322,212,car
/media/santosh/newdrive/prafulla/aerial_motion_dataset/0_aerial_final_dataset/new_Road_Safety_Services_and_Design2/920.jpg,115,276,161,302,car
/media/santosh/newdrive/prafulla/aerial_motion_dataset/0_aerial_final_dataset/new_Road_Safety_Services_and_Design2/920.jpg,20,284,73,318,car
/media/santosh/newdrive/prafulla/aerial_motion_dataset/0_aerial_final_dataset/new_Road_Safety_Services_and_Design2/921.jpg,312,317,367,361,heavy vehicle
/media/santosh/newdrive/prafulla/aerial_motion_dataset/0_aerial_final_dataset/new_Road_Safety_Services_and_Design2/921.jpg,23,286,76,316,car
/media/santosh/newdrive/prafulla/aerial_motion_dataset/0_aerial_final_dataset/new_Road_Safety_Services_and_Design2/921.jpg,116,276,163,303,car
/media/santosh/newdrive/prafulla/aerial_motion_dataset/0_aerial_final_dataset/new_Road_Safety_Services_and_Design2/921.jpg,274,183,317,215,car
/media/santosh/newdrive/prafulla/aerial_motion_dataset/0_aerial_final_dataset/new_Road_Safety_Services_and_Design2/921.jpg,365,268,403,300,car
/media/santosh/newdrive/prafulla/aerial_motion_dataset/0_aerial_final_dataset/new_Road_Safety_Services_and_Design2/921.jpg,499,266,536,298,car
/media/santosh/newdrive/prafulla/aerial_motion_dataset/0_aerial_final_dataset/new_Road_Safety_Services_and_Design2/921.jpg,553,572,574,606,car
/media/santosh/newdrive/prafulla/aerial_motion_dataset/0_aerial_final_dataset/new_Road_Safety_Services_and_Design2/922.jpg,312,313,368,364,heavy vehicle
/media/santosh/newdrive/prafulla/aerial_motion_dataset/0_aerial_final_dataset/new_Road_Safety_Services_and_Design2/922.jpg,23,284,73,316,car
/media/santosh/newdrive/prafulla/aerial_motion_dataset/0_aerial_final_dataset/new_Road_Safety_Services_and_Design2/922.jpg,116,276,161,303,car
/media/santosh/newdrive/prafulla/aerial_motion_dataset/0_aerial_final_dataset/new_Road_Safety_Services_and_Design2/922.jpg,269,182,312,212,car
/media/santosh/newdrive/prafulla/aerial_motion_dataset/0_aerial_final_dataset/new_Road_Safety_Services_and_Design2/922.jpg,367,268,407,302,car
/media/santosh/newdrive/prafulla/aerial_motion_dataset/0_aerial_final_dataset/new_Road_Safety_Services_and_Design2/922.jpg,501,267,539,303,car
/media/santosh/newdrive/prafulla/aerial_motion_dataset/0_aerial_final_dataset/new_Road_Safety_Services_and_Design2/922.jpg,552,573,573,608,car
/media/santosh/newdrive/prafulla/aerial_motion_dataset/0_aerial_final_dataset/new_Road_Safety_Services_and_Design2/923.jpg,310,316,371,359,heavy vehicle
/media/santosh/newdrive/prafulla/aerial_motion_dataset/0_aerial_final_dataset/new_Road_Safety_Services_and_Design2/923.jpg,23,284,74,320,car
/media/santosh/newdrive/prafulla/aerial_motion_dataset/0_aerial_final_dataset/new_Road_Safety_Services_and_Design2/923.jpg,118,277,161,307,car
/media/santosh/newdrive/prafulla/aerial_motion_dataset/0_aerial_final_dataset/new_Road_Safety_Services_and_Design2/923.jpg,264,183,308,212,car
/media/santosh/newdrive/prafulla/aerial_motion_dataset/0_aerial_final_dataset/new_Road_Safety_Services_and_Design2/923.jpg,369,269,409,298,car
/media/santosh/newdrive/prafulla/aerial_motion_dataset/0_aerial_final_dataset/new_Road_Safety_Services_and_Design2/923.jpg,501,268,541,301,car
/media/santosh/newdrive/prafulla/aerial_motion_dataset/0_aerial_final_dataset/new_Road_Safety_Services_and_Design2/923.jpg,551,572,572,606,car
/media/santosh/newdrive/prafulla/aerial_motion_dataset/0_aerial_final_dataset/new_Road_Safety_Services_and_Design2/924.jpg,310,316,367,359,heavy vehicle
/media/santosh/newdrive/prafulla/aerial_motion_dataset/0_aerial_final_dataset/new_Road_Safety_Services_and_Design2/924.jpg,550,571,573,608,car
/media/santosh/newdrive/prafulla/aerial_motion_dataset/0_aerial_final_dataset/new_Road_Safety_Services_and_Design2/924.jpg,505,269,545,301,car
/media/santosh/newdrive/prafulla/aerial_motion_dataset/0_aerial_final_dataset/new_Road_Safety_Services_and_Design2/924.jpg,371,269,411,300,car
/media/santosh/newdrive/prafulla/aerial_motion_dataset/0_aerial_final_dataset/new_Road_Safety_Services_and_Design2/924.jpg,260,182,303,217,car
/media/santosh/newdrive/prafulla/aerial_motion_dataset/0_aerial_final_dataset/new_Road_Safety_Services_and_Design2/924.jpg,116,276,161,302,car
/media/santosh/newdrive/prafulla/aerial_motion_dataset/0_aerial_final_dataset/new_Road_Safety_Services_and_Design2/924.jpg,24,286,75,316,car
/media/santosh/newdrive/prafulla/aerial_motion_dataset/0_aerial_final_dataset/new_Road_Safety_Services_and_Design2/925.jpg,312,313,370,363,heavy vehicle
/media/santosh/newdrive/prafulla/aerial_motion_dataset/0_aerial_final_dataset/new_Road_Safety_Services_and_Design2/925.jpg,25,284,76,318,car
/media/santosh/newdrive/prafulla/aerial_motion_dataset/0_aerial_final_dataset/new_Road_Safety_Services_and_Design2/925.jpg,116,274,163,306,car
/media/santosh/newdrive/prafulla/aerial_motion_dataset/0_aerial_final_dataset/new_Road_Safety_Services_and_Design2/925.jpg,257,184,299,213,car
/media/santosh/newdrive/prafulla/aerial_motion_dataset/0_aerial_final_dataset/new_Road_Safety_Services_and_Design2/925.jpg,373,267,411,301,car
/media/santosh/newdrive/prafulla/aerial_motion_dataset/0_aerial_final_dataset/new_Road_Safety_Services_and_Design2/925.jpg,507,269,547,300,car
/media/santosh/newdrive/prafulla/aerial_motion_dataset/0_aerial_final_dataset/new_Road_Safety_Services_and_Design2/925.jpg,551,569,571,608,car
/media/santosh/newdrive/prafulla/aerial_motion_dataset/0_aerial_final_dataset/new_Road_Safety_Services_and_Design2/926.jpg,310,314,368,361,heavy vehicle
/media/santosh/newdrive/prafulla/aerial_motion_dataset/0_aerial_final_dataset/new_Road_Safety_Services_and_Design2/926.jpg,23,283,75,313,car
/media/santosh/newdrive/prafulla/aerial_motion_dataset/0_aerial_final_dataset/new_Road_Safety_Services_and_Design2/926.jpg,116,273,162,302,car
/media/santosh/newdrive/prafulla/aerial_motion_dataset/0_aerial_final_dataset/new_Road_Safety_Services_and_Design2/926.jpg,253,184,294,213,car
/media/santosh/newdrive/prafulla/aerial_motion_dataset/0_aerial_final_dataset/new_Road_Safety_Services_and_Design2/926.jpg,375,266,414,300,car
/media/santosh/newdrive/prafulla/aerial_motion_dataset/0_aerial_final_dataset/new_Road_Safety_Services_and_Design2/926.jpg,510,270,548,301,car
/media/santosh/newdrive/prafulla/aerial_motion_dataset/0_aerial_final_dataset/new_Road_Safety_Services_and_Design2/926.jpg,552,568,572,608,car
/media/santosh/newdrive/prafulla/aerial_motion_dataset/0_aerial_final_dataset/new_Road_Safety_Services_and_Design2/927.jpg,313,315,369,362,heavy vehicle
/media/santosh/newdrive/prafulla/aerial_motion_dataset/0_aerial_final_dataset/new_Road_Safety_Services_and_Design2/927.jpg,549,563,571,606,car
/media/santosh/newdrive/prafulla/aerial_motion_dataset/0_aerial_final_dataset/new_Road_Safety_Services_and_Design2/927.jpg,511,269,551,301,car
/media/santosh/newdrive/prafulla/aerial_motion_dataset/0_aerial_final_dataset/new_Road_Safety_Services_and_Design2/927.jpg,377,266,417,300,car
/media/santosh/newdrive/prafulla/aerial_motion_dataset/0_aerial_final_dataset/new_Road_Safety_Services_and_Design2/927.jpg,246,184,290,215,car
/media/santosh/newdrive/prafulla/aerial_motion_dataset/0_aerial_final_dataset/new_Road_Safety_Services_and_Design2/927.jpg,119,276,163,303,car
/media/santosh/newdrive/prafulla/aerial_motion_dataset/0_aerial_final_dataset/new_Road_Safety_Services_and_Design2/927.jpg,25,283,77,313,car
/media/santosh/newdrive/prafulla/aerial_motion_dataset/0_aerial_final_dataset/new_Road_Safety_Services_and_Design2/928.jpg,313,314,368,360,heavy vehicle
/media/santosh/newdrive/prafulla/aerial_motion_dataset/0_aerial_final_dataset/new_Road_Safety_Services_and_Design2/928.jpg,25,284,76,320,car
/media/santosh/newdrive/prafulla/aerial_motion_dataset/0_aerial_final_dataset/new_Road_Safety_Services_and_Design2/928.jpg,116,274,163,306,car
/media/santosh/newdrive/prafulla/aerial_motion_dataset/0_aerial_final_dataset/new_Road_Safety_Services_and_Design2/928.jpg,242,183,287,217,car
/media/santosh/newdrive/prafulla/aerial_motion_dataset/0_aerial_final_dataset/new_Road_Safety_Services_and_Design2/928.jpg,379,267,419,305,car
/media/santosh/newdrive/prafulla/aerial_motion_dataset/0_aerial_final_dataset/new_Road_Safety_Services_and_Design2/928.jpg,513,269,553,302,car
/media/santosh/newdrive/prafulla/aerial_motion_dataset/0_aerial_final_dataset/new_Road_Safety_Services_and_Design2/928.jpg,550,561,571,608,car
/media/santosh/newdrive/prafulla/aerial_motion_dataset/0_aerial_final_dataset/new_Road_Safety_Services_and_Design2/929.jpg,311,316,367,358,heavy vehicle
/media/santosh/newdrive/prafulla/aerial_motion_dataset/0_aerial_final_dataset/new_Road_Safety_Services_and_Design2/929.jpg,549,560,570,606,car
/media/santosh/newdrive/prafulla/aerial_motion_dataset/0_aerial_final_dataset/new_Road_Safety_Services_and_Design2/929.jpg,516,268,556,301,car
/media/santosh/newdrive/prafulla/aerial_motion_dataset/0_aerial_final_dataset/new_Road_Safety_Services_and_Design2/929.jpg,381,268,419,301,car
/media/santosh/newdrive/prafulla/aerial_motion_dataset/0_aerial_final_dataset/new_Road_Safety_Services_and_Design2/929.jpg,238,185,282,218,car
/media/santosh/newdrive/prafulla/aerial_motion_dataset/0_aerial_final_dataset/new_Road_Safety_Services_and_Design2/929.jpg,117,273,163,303,car
/media/santosh/newdrive/prafulla/aerial_motion_dataset/0_aerial_final_dataset/new_Road_Safety_Services_and_Design2/929.jpg,27,284,78,318,car
/media/santosh/newdrive/prafulla/aerial_motion_dataset/0_aerial_final_dataset/new_Road_Safety_Services_and_Design2/930.jpg,315,315,370,364,heavy vehicle
/media/santosh/newdrive/prafulla/aerial_motion_dataset/0_aerial_final_dataset/new_Road_Safety_Services_and_Design2/930.jpg,26,283,78,315,car
/media/santosh/newdrive/prafulla/aerial_motion_dataset/0_aerial_final_dataset/new_Road_Safety_Services_and_Design2/930.jpg,118,273,164,302,car
/media/santosh/newdrive/prafulla/aerial_motion_dataset/0_aerial_final_dataset/new_Road_Safety_Services_and_Design2/930.jpg,234,184,278,216,car
/media/santosh/newdrive/prafulla/aerial_motion_dataset/0_aerial_final_dataset/new_Road_Safety_Services_and_Design2/930.jpg,381,267,423,301,car
/media/santosh/newdrive/prafulla/aerial_motion_dataset/0_aerial_final_dataset/new_Road_Safety_Services_and_Design2/930.jpg,520,269,560,305,car
/media/santosh/newdrive/prafulla/aerial_motion_dataset/0_aerial_final_dataset/new_Road_Safety_Services_and_Design2/930.jpg,547,560,570,608,car
/media/santosh/newdrive/prafulla/aerial_motion_dataset/0_aerial_final_dataset/new_Road_Safety_Services_and_Design2/931.jpg,316,316,369,363,heavy vehicle
/media/santosh/newdrive/prafulla/aerial_motion_dataset/0_aerial_final_dataset/new_Road_Safety_Services_and_Design2/931.jpg,546,554,569,608,car
/media/santosh/newdrive/prafulla/aerial_motion_dataset/0_aerial_final_dataset/new_Road_Safety_Services_and_Design2/931.jpg,523,269,562,301,car
/media/santosh/newdrive/prafulla/aerial_motion_dataset/0_aerial_final_dataset/new_Road_Safety_Services_and_Design2/931.jpg,385,270,425,300,car
/media/santosh/newdrive/prafulla/aerial_motion_dataset/0_aerial_final_dataset/new_Road_Safety_Services_and_Design2/931.jpg,229,186,275,216,car
/media/santosh/newdrive/prafulla/aerial_motion_dataset/0_aerial_final_dataset/new_Road_Safety_Services_and_Design2/931.jpg,118,276,164,301,car
/media/santosh/newdrive/prafulla/aerial_motion_dataset/0_aerial_final_dataset/new_Road_Safety_Services_and_Design2/931.jpg,26,283,79,319,car
/media/santosh/newdrive/prafulla/aerial_motion_dataset/0_aerial_final_dataset/new_Road_Safety_Services_and_Design2/932.jpg,313,313,369,361,heavy vehicle
/media/santosh/newdrive/prafulla/aerial_motion_dataset/0_aerial_final_dataset/new_Road_Safety_Services_and_Design2/932.jpg,28,284,79,312,car
/media/santosh/newdrive/prafulla/aerial_motion_dataset/0_aerial_final_dataset/new_Road_Safety_Services_and_Design2/932.jpg,120,273,165,300,car
/media/santosh/newdrive/prafulla/aerial_motion_dataset/0_aerial_final_dataset/new_Road_Safety_Services_and_Design2/932.jpg,224,186,268,220,car
/media/santosh/newdrive/prafulla/aerial_motion_dataset/0_aerial_final_dataset/new_Road_Safety_Services_and_Design2/932.jpg,386,267,425,298,car
/media/santosh/newdrive/prafulla/aerial_motion_dataset/0_aerial_final_dataset/new_Road_Safety_Services_and_Design2/932.jpg,523,270,563,303,car
/media/santosh/newdrive/prafulla/aerial_motion_dataset/0_aerial_final_dataset/new_Road_Safety_Services_and_Design2/932.jpg,548,553,570,606,car
/media/santosh/newdrive/prafulla/aerial_motion_dataset/0_aerial_final_dataset/new_Road_Safety_Services_and_Design2/933.jpg,315,315,369,359,heavy vehicle
/media/santosh/newdrive/prafulla/aerial_motion_dataset/0_aerial_final_dataset/new_Road_Safety_Services_and_Design2/933.jpg,546,555,569,608,car
/media/santosh/newdrive/prafulla/aerial_motion_dataset/0_aerial_final_dataset/new_Road_Safety_Services_and_Design2/933.jpg,526,268,568,302,car
/media/santosh/newdrive/prafulla/aerial_motion_dataset/0_aerial_final_dataset/new_Road_Safety_Services_and_Design2/933.jpg,387,268,428,300,car
/media/santosh/newdrive/prafulla/aerial_motion_dataset/0_aerial_final_dataset/new_Road_Safety_Services_and_Design2/933.jpg,220,188,264,218,car
/media/santosh/newdrive/prafulla/aerial_motion_dataset/0_aerial_final_dataset/new_Road_Safety_Services_and_Design2/933.jpg,117,275,163,302,car
/media/santosh/newdrive/prafulla/aerial_motion_dataset/0_aerial_final_dataset/new_Road_Safety_Services_and_Design2/933.jpg,29,283,78,316,car
/media/santosh/newdrive/prafulla/aerial_motion_dataset/0_aerial_final_dataset/new_Road_Safety_Services_and_Design2/934.jpg,316,313,371,361,heavy vehicle
/media/santosh/newdrive/prafulla/aerial_motion_dataset/0_aerial_final_dataset/new_Road_Safety_Services_and_Design2/934.jpg,28,281,80,313,car
/media/santosh/newdrive/prafulla/aerial_motion_dataset/0_aerial_final_dataset/new_Road_Safety_Services_and_Design2/934.jpg,120,271,165,298,car
/media/santosh/newdrive/prafulla/aerial_motion_dataset/0_aerial_final_dataset/new_Road_Safety_Services_and_Design2/934.jpg,215,188,259,215,car
/media/santosh/newdrive/prafulla/aerial_motion_dataset/0_aerial_final_dataset/new_Road_Safety_Services_and_Design2/934.jpg,390,267,431,298,car
/media/santosh/newdrive/prafulla/aerial_motion_dataset/0_aerial_final_dataset/new_Road_Safety_Services_and_Design2/934.jpg,530,267,569,301,car
/media/santosh/newdrive/prafulla/aerial_motion_dataset/0_aerial_final_dataset/new_Road_Safety_Services_and_Design2/934.jpg,547,550,569,606,car
/media/santosh/newdrive/prafulla/aerial_motion_dataset/0_aerial_final_dataset/new_Road_Safety_Services_and_Design2/935.jpg,315,313,371,362,heavy vehicle
/media/santosh/newdrive/prafulla/aerial_motion_dataset/0_aerial_final_dataset/new_Road_Safety_Services_and_Design2/935.jpg,544,545,567,606,car
/media/santosh/newdrive/prafulla/aerial_motion_dataset/0_aerial_final_dataset/new_Road_Safety_Services_and_Design2/935.jpg,532,269,572,301,car
/media/santosh/newdrive/prafulla/aerial_motion_dataset/0_aerial_final_dataset/new_Road_Safety_Services_and_Design2/935.jpg,392,268,434,301,car
/media/santosh/newdrive/prafulla/aerial_motion_dataset/0_aerial_final_dataset/new_Road_Safety_Services_and_Design2/935.jpg,30,284,80,316,car
/media/santosh/newdrive/prafulla/aerial_motion_dataset/0_aerial_final_dataset/new_Road_Safety_Services_and_Design2/935.jpg,119,273,165,303,car
/media/santosh/newdrive/prafulla/aerial_motion_dataset/0_aerial_final_dataset/new_Road_Safety_Services_and_Design2/935.jpg,211,188,255,220,car
/media/santosh/newdrive/prafulla/aerial_motion_dataset/0_aerial_final_dataset/new_Road_Safety_Services_and_Design2/936.jpg,314,315,371,365,heavy vehicle
/media/santosh/newdrive/prafulla/aerial_motion_dataset/0_aerial_final_dataset/new_Road_Safety_Services_and_Design2/936.jpg,30,284,81,310,car
/media/santosh/newdrive/prafulla/aerial_motion_dataset/0_aerial_final_dataset/new_Road_Safety_Services_and_Design2/936.jpg,122,273,165,302,car
/media/santosh/newdrive/prafulla/aerial_motion_dataset/0_aerial_final_dataset/new_Road_Safety_Services_and_Design2/936.jpg,208,190,252,218,car
/media/santosh/newdrive/prafulla/aerial_motion_dataset/0_aerial_final_dataset/new_Road_Safety_Services_and_Design2/936.jpg,392,267,433,300,car
/media/santosh/newdrive/prafulla/aerial_motion_dataset/0_aerial_final_dataset/new_Road_Safety_Services_and_Design2/936.jpg,535,270,573,302,car
/media/santosh/newdrive/prafulla/aerial_motion_dataset/0_aerial_final_dataset/new_Road_Safety_Services_and_Design2/936.jpg,546,550,569,606,car
/media/santosh/newdrive/prafulla/aerial_motion_dataset/0_aerial_final_dataset/new_Road_Safety_Services_and_Design2/937.jpg,317,313,371,364,heavy vehicle
/media/santosh/newdrive/prafulla/aerial_motion_dataset/0_aerial_final_dataset/new_Road_Safety_Services_and_Design2/937.jpg,544,549,567,608,car
/media/santosh/newdrive/prafulla/aerial_motion_dataset/0_aerial_final_dataset/new_Road_Safety_Services_and_Design2/937.jpg,535,270,577,301,car
/media/santosh/newdrive/prafulla/aerial_motion_dataset/0_aerial_final_dataset/new_Road_Safety_Services_and_Design2/937.jpg,396,266,436,301,car
/media/santosh/newdrive/prafulla/aerial_motion_dataset/0_aerial_final_dataset/new_Road_Safety_Services_and_Design2/937.jpg,201,189,246,217,car
/media/santosh/newdrive/prafulla/aerial_motion_dataset/0_aerial_final_dataset/new_Road_Safety_Services_and_Design2/937.jpg,122,271,164,302,car
/media/santosh/newdrive/prafulla/aerial_motion_dataset/0_aerial_final_dataset/new_Road_Safety_Services_and_Design2/937.jpg,32,283,80,312,car
/media/santosh/newdrive/prafulla/aerial_motion_dataset/0_aerial_final_dataset/new_Road_Safety_Services_and_Design2/938.jpg,315,310,373,362,heavy vehicle
/media/santosh/newdrive/prafulla/aerial_motion_dataset/0_aerial_final_dataset/new_Road_Safety_Services_and_Design2/938.jpg,31,284,81,314,car
/media/santosh/newdrive/prafulla/aerial_motion_dataset/0_aerial_final_dataset/new_Road_Safety_Services_and_Design2/938.jpg,122,274,166,301,car
/media/santosh/newdrive/prafulla/aerial_motion_dataset/0_aerial_final_dataset/new_Road_Safety_Services_and_Design2/938.jpg,200,190,241,220,car
/media/santosh/newdrive/prafulla/aerial_motion_dataset/0_aerial_final_dataset/new_Road_Safety_Services_and_Design2/938.jpg,398,267,439,300,car
/media/santosh/newdrive/prafulla/aerial_motion_dataset/0_aerial_final_dataset/new_Road_Safety_Services_and_Design2/938.jpg,541,269,580,300,car
/media/santosh/newdrive/prafulla/aerial_motion_dataset/0_aerial_final_dataset/new_Road_Safety_Services_and_Design2/938.jpg,545,543,568,606,car
/media/santosh/newdrive/prafulla/aerial_motion_dataset/0_aerial_final_dataset/new_Road_Safety_Services_and_Design2/939.jpg,314,310,373,361,heavy vehicle
/media/santosh/newdrive/prafulla/aerial_motion_dataset/0_aerial_final_dataset/new_Road_Safety_Services_and_Design2/939.jpg,545,544,566,606,car
/media/santosh/newdrive/prafulla/aerial_motion_dataset/0_aerial_final_dataset/new_Road_Safety_Services_and_Design2/939.jpg,543,273,583,301,car
/media/santosh/newdrive/prafulla/aerial_motion_dataset/0_aerial_final_dataset/new_Road_Safety_Services_and_Design2/939.jpg,399,271,442,302,car
/media/santosh/newdrive/prafulla/aerial_motion_dataset/0_aerial_final_dataset/new_Road_Safety_Services_and_Design2/939.jpg,191,191,238,221,car
/media/santosh/newdrive/prafulla/aerial_motion_dataset/0_aerial_final_dataset/new_Road_Safety_Services_and_Design2/939.jpg,122,273,167,298,car
/media/santosh/newdrive/prafulla/aerial_motion_dataset/0_aerial_final_dataset/new_Road_Safety_Services_and_Design2/939.jpg,30,283,83,313,car
/media/santosh/newdrive/prafulla/aerial_motion_dataset/0_aerial_final_dataset/new_Road_Safety_Services_and_Design2/940.jpg,312,311,371,361,heavy vehicle
/media/santosh/newdrive/prafulla/aerial_motion_dataset/0_aerial_final_dataset/new_Road_Safety_Services_and_Design2/940.jpg,32,280,81,313,car
/media/santosh/newdrive/prafulla/aerial_motion_dataset/0_aerial_final_dataset/new_Road_Safety_Services_and_Design2/940.jpg,123,270,166,302,car
/media/santosh/newdrive/prafulla/aerial_motion_dataset/0_aerial_final_dataset/new_Road_Safety_Services_and_Design2/940.jpg,190,190,234,222,car
/media/santosh/newdrive/prafulla/aerial_motion_dataset/0_aerial_final_dataset/new_Road_Safety_Services_and_Design2/940.jpg,402,268,444,302,car
/media/santosh/newdrive/prafulla/aerial_motion_dataset/0_aerial_final_dataset/new_Road_Safety_Services_and_Design2/940.jpg,544,273,584,302,car
/media/santosh/newdrive/prafulla/aerial_motion_dataset/0_aerial_final_dataset/new_Road_Safety_Services_and_Design2/940.jpg,543,545,566,606,car
/media/santosh/newdrive/prafulla/aerial_motion_dataset/0_aerial_final_dataset/new_Road_Safety_Services_and_Design2/941.jpg,317,310,371,365,heavy vehicle
/media/santosh/newdrive/prafulla/aerial_motion_dataset/0_aerial_final_dataset/new_Road_Safety_Services_and_Design2/941.jpg,404,268,445,301,car
/media/santosh/newdrive/prafulla/aerial_motion_dataset/0_aerial_final_dataset/new_Road_Safety_Services_and_Design2/941.jpg,547,272,587,301,car
/media/santosh/newdrive/prafulla/aerial_motion_dataset/0_aerial_final_dataset/new_Road_Safety_Services_and_Design2/941.jpg,542,542,566,624,car
/media/santosh/newdrive/prafulla/aerial_motion_dataset/0_aerial_final_dataset/new_Road_Safety_Services_and_Design2/941.jpg,183,189,230,217,car
/media/santosh/newdrive/prafulla/aerial_motion_dataset/0_aerial_final_dataset/new_Road_Safety_Services_and_Design2/941.jpg,123,272,167,301,car
/media/santosh/newdrive/prafulla/aerial_motion_dataset/0_aerial_final_dataset/new_Road_Safety_Services_and_Design2/941.jpg,32,281,82,312,car
/media/santosh/newdrive/prafulla/aerial_motion_dataset/0_aerial_final_dataset/new_Road_Safety_Services_and_Design2/942.jpg,315,313,373,361,heavy vehicle
/media/santosh/newdrive/prafulla/aerial_motion_dataset/0_aerial_final_dataset/new_Road_Safety_Services_and_Design2/942.jpg,32,279,82,314,car
/media/santosh/newdrive/prafulla/aerial_motion_dataset/0_aerial_final_dataset/new_Road_Safety_Services_and_Design2/942.jpg,122,270,170,299,car
/media/santosh/newdrive/prafulla/aerial_motion_dataset/0_aerial_final_dataset/new_Road_Safety_Services_and_Design2/942.jpg,179,186,224,220,car
/media/santosh/newdrive/prafulla/aerial_motion_dataset/0_aerial_final_dataset/new_Road_Safety_Services_and_Design2/942.jpg,405,268,447,305,car
/media/santosh/newdrive/prafulla/aerial_motion_dataset/0_aerial_final_dataset/new_Road_Safety_Services_and_Design2/942.jpg,553,269,589,301,car
/media/santosh/newdrive/prafulla/aerial_motion_dataset/0_aerial_final_dataset/new_Road_Safety_Services_and_Design2/942.jpg,540,539,566,606,car
/media/santosh/newdrive/prafulla/aerial_motion_dataset/0_aerial_final_dataset/new_Road_Safety_Services_and_Design2/943.jpg,314,310,372,361,heavy vehicle
/media/santosh/newdrive/prafulla/aerial_motion_dataset/0_aerial_final_dataset/new_Road_Safety_Services_and_Design2/943.jpg,541,538,566,606,car
/media/santosh/newdrive/prafulla/aerial_motion_dataset/0_aerial_final_dataset/new_Road_Safety_Services_and_Design2/943.jpg,554,272,593,303,car
/media/santosh/newdrive/prafulla/aerial_motion_dataset/0_aerial_final_dataset/new_Road_Safety_Services_and_Design2/943.jpg,410,269,449,301,car
/media/santosh/newdrive/prafulla/aerial_motion_dataset/0_aerial_final_dataset/new_Road_Safety_Services_and_Design2/943.jpg,173,190,220,220,car
/media/santosh/newdrive/prafulla/aerial_motion_dataset/0_aerial_final_dataset/new_Road_Safety_Services_and_Design2/943.jpg,124,273,169,305,car
/media/santosh/newdrive/prafulla/aerial_motion_dataset/0_aerial_final_dataset/new_Road_Safety_Services_and_Design2/943.jpg,34,279,82,313,car
/media/santosh/newdrive/prafulla/aerial_motion_dataset/0_aerial_final_dataset/new_Road_Safety_Services_and_Design2/944.jpg,316,313,372,362,heavy vehicle
/media/santosh/newdrive/prafulla/aerial_motion_dataset/0_aerial_final_dataset/new_Road_Safety_Services_and_Design2/944.jpg,30,283,82,317,car
/media/santosh/newdrive/prafulla/aerial_motion_dataset/0_aerial_final_dataset/new_Road_Safety_Services_and_Design2/944.jpg,122,265,168,299,car
/media/santosh/newdrive/prafulla/aerial_motion_dataset/0_aerial_final_dataset/new_Road_Safety_Services_and_Design2/944.jpg,170,186,214,220,car
/media/santosh/newdrive/prafulla/aerial_motion_dataset/0_aerial_final_dataset/new_Road_Safety_Services_and_Design2/944.jpg,410,268,451,300,car
/media/santosh/newdrive/prafulla/aerial_motion_dataset/0_aerial_final_dataset/new_Road_Safety_Services_and_Design2/944.jpg,559,269,594,306,car
/media/santosh/newdrive/prafulla/aerial_motion_dataset/0_aerial_final_dataset/new_Road_Safety_Services_and_Design2/944.jpg,540,535,563,606,car
/media/santosh/newdrive/prafulla/aerial_motion_dataset/0_aerial_final_dataset/new_Road_Safety_Services_and_Design2/945.jpg,316,315,373,359,heavy vehicle
/media/santosh/newdrive/prafulla/aerial_motion_dataset/0_aerial_final_dataset/new_Road_Safety_Services_and_Design2/945.jpg,541,538,564,605,car
/media/santosh/newdrive/prafulla/aerial_motion_dataset/0_aerial_final_dataset/new_Road_Safety_Services_and_Design2/945.jpg,562,272,599,305,car
/media/santosh/newdrive/prafulla/aerial_motion_dataset/0_aerial_final_dataset/new_Road_Safety_Services_and_Design2/945.jpg,412,267,453,300,car
/media/santosh/newdrive/prafulla/aerial_motion_dataset/0_aerial_final_dataset/new_Road_Safety_Services_and_Design2/945.jpg,167,191,210,223,car
/media/santosh/newdrive/prafulla/aerial_motion_dataset/0_aerial_final_dataset/new_Road_Safety_Services_and_Design2/945.jpg,125,269,169,296,car
/media/santosh/newdrive/prafulla/aerial_motion_dataset/0_aerial_final_dataset/new_Road_Safety_Services_and_Design2/945.jpg,32,279,83,313,car
/media/santosh/newdrive/prafulla/aerial_motion_dataset/0_aerial_final_dataset/new_Road_Safety_Services_and_Design2/946.jpg,316,310,373,359,heavy vehicle
/media/santosh/newdrive/prafulla/aerial_motion_dataset/0_aerial_final_dataset/new_Road_Safety_Services_and_Design2/946.jpg,35,283,83,313,car
/media/santosh/newdrive/prafulla/aerial_motion_dataset/0_aerial_final_dataset/new_Road_Safety_Services_and_Design2/946.jpg,126,268,169,300,car
/media/santosh/newdrive/prafulla/aerial_motion_dataset/0_aerial_final_dataset/new_Road_Safety_Services_and_Design2/946.jpg,163,193,206,224,car
/media/santosh/newdrive/prafulla/aerial_motion_dataset/0_aerial_final_dataset/new_Road_Safety_Services_and_Design2/946.jpg,417,267,455,300,car
/media/santosh/newdrive/prafulla/aerial_motion_dataset/0_aerial_final_dataset/new_Road_Safety_Services_and_Design2/946.jpg,568,274,601,303,car
/media/santosh/newdrive/prafulla/aerial_motion_dataset/0_aerial_final_dataset/new_Road_Safety_Services_and_Design2/946.jpg,539,534,563,602,car
